<?xml version="1.0" ?><list><Userdata><username class="javafx.beans.property.SimpleStringProperty"><value>arga</value><valid>true</valid><name></name></username><password class="javafx.beans.property.SimpleStringProperty"><value>1234</value><valid>true</valid><name></name></password><address class="javafx.beans.property.SimpleStringProperty"><value>jakal</value><valid>true</valid><name></name></address><phone class="javafx.beans.property.SimpleStringProperty"><value>0858</value><valid>true</valid><name></name></phone></Userdata><Userdata><username class="javafx.beans.property.SimpleStringProperty"><value>a</value><valid>true</valid><name></name></username><password class="javafx.beans.property.SimpleStringProperty"><value>a</value><valid>true</valid><name></name></password><address class="javafx.beans.property.SimpleStringProperty"><value>a</value><valid>true</valid><name></name></address><phone class="javafx.beans.property.SimpleStringProperty"><value>a</value><valid>true</valid><name></name></phone></Userdata><Userdata><username class="javafx.beans.property.SimpleStringProperty"><value>raka</value><valid>true</valid><name></name></username><password class="javafx.beans.property.SimpleStringProperty"><value>234</value><valid>true</valid><name></name></password><address class="javafx.beans.property.SimpleStringProperty"><value>234</value><valid>true</valid><name></name></address><phone class="javafx.beans.property.SimpleStringProperty"><value>234</value><valid>true</valid><name></name></phone></Userdata><Userdata><username class="javafx.beans.property.SimpleStringProperty"><value>nandra</value><valid>true</valid><name></name></username><password class="javafx.beans.property.SimpleStringProperty"><value>1</value><valid>true</valid><name></name></password><address class="javafx.beans.property.SimpleStringProperty"><value>1</value><valid>true</valid><name></name></address><phone class="javafx.beans.property.SimpleStringProperty"><value>1</value><valid>true</valid><name></name></phone></Userdata></list>